Field1_links,,
https://auburn.craigslist.org/,search/cta?purveyor=owner,https://auburn.craigslist.org/search/cta?purveyor=owner
https://bham.craigslist.org/,search/cta?purveyor=owner,https://bham.craigslist.org/search/cta?purveyor=owner
https://dothan.craigslist.org/,search/cta?purveyor=owner,https://dothan.craigslist.org/search/cta?purveyor=owner
https://shoals.craigslist.org/,search/cta?purveyor=owner,https://shoals.craigslist.org/search/cta?purveyor=owner
https://gadsden.craigslist.org/,search/cta?purveyor=owner,https://gadsden.craigslist.org/search/cta?purveyor=owner
https://huntsville.craigslist.org/,search/cta?purveyor=owner,https://huntsville.craigslist.org/search/cta?purveyor=owner
https://mobile.craigslist.org/,search/cta?purveyor=owner,https://mobile.craigslist.org/search/cta?purveyor=owner
https://montgomery.craigslist.org/,search/cta?purveyor=owner,https://montgomery.craigslist.org/search/cta?purveyor=owner
https://tuscaloosa.craigslist.org/,search/cta?purveyor=owner,https://tuscaloosa.craigslist.org/search/cta?purveyor=owner
https://anchorage.craigslist.org/,search/cta?purveyor=owner,https://anchorage.craigslist.org/search/cta?purveyor=owner
https://fairbanks.craigslist.org/,search/cta?purveyor=owner,https://fairbanks.craigslist.org/search/cta?purveyor=owner
https://kenai.craigslist.org/,search/cta?purveyor=owner,https://kenai.craigslist.org/search/cta?purveyor=owner
https://juneau.craigslist.org/,search/cta?purveyor=owner,https://juneau.craigslist.org/search/cta?purveyor=owner
https://flagstaff.craigslist.org/,search/cta?purveyor=owner,https://flagstaff.craigslist.org/search/cta?purveyor=owner
https://mohave.craigslist.org/,search/cta?purveyor=owner,https://mohave.craigslist.org/search/cta?purveyor=owner
https://phoenix.craigslist.org/,search/cta?purveyor=owner,https://phoenix.craigslist.org/search/cta?purveyor=owner
https://prescott.craigslist.org/,search/cta?purveyor=owner,https://prescott.craigslist.org/search/cta?purveyor=owner
https://showlow.craigslist.org/,search/cta?purveyor=owner,https://showlow.craigslist.org/search/cta?purveyor=owner
https://sierravista.craigslist.org/,search/cta?purveyor=owner,https://sierravista.craigslist.org/search/cta?purveyor=owner
https://tucson.craigslist.org/,search/cta?purveyor=owner,https://tucson.craigslist.org/search/cta?purveyor=owner
https://yuma.craigslist.org/,search/cta?purveyor=owner,https://yuma.craigslist.org/search/cta?purveyor=owner
https://fayar.craigslist.org/,search/cta?purveyor=owner,https://fayar.craigslist.org/search/cta?purveyor=owner
https://fortsmith.craigslist.org/,search/cta?purveyor=owner,https://fortsmith.craigslist.org/search/cta?purveyor=owner
https://jonesboro.craigslist.org/,search/cta?purveyor=owner,https://jonesboro.craigslist.org/search/cta?purveyor=owner
https://littlerock.craigslist.org/,search/cta?purveyor=owner,https://littlerock.craigslist.org/search/cta?purveyor=owner
https://texarkana.craigslist.org/,search/cta?purveyor=owner,https://texarkana.craigslist.org/search/cta?purveyor=owner
https://bakersfield.craigslist.org/,search/cta?purveyor=owner,https://bakersfield.craigslist.org/search/cta?purveyor=owner
https://chico.craigslist.org/,search/cta?purveyor=owner,https://chico.craigslist.org/search/cta?purveyor=owner
https://fresno.craigslist.org/,search/cta?purveyor=owner,https://fresno.craigslist.org/search/cta?purveyor=owner
https://goldcountry.craigslist.org/,search/cta?purveyor=owner,https://goldcountry.craigslist.org/search/cta?purveyor=owner
https://hanford.craigslist.org/,search/cta?purveyor=owner,https://hanford.craigslist.org/search/cta?purveyor=owner
https://humboldt.craigslist.org/,search/cta?purveyor=owner,https://humboldt.craigslist.org/search/cta?purveyor=owner
https://imperial.craigslist.org/,search/cta?purveyor=owner,https://imperial.craigslist.org/search/cta?purveyor=owner
https://inlandempire.craigslist.org/,search/cta?purveyor=owner,https://inlandempire.craigslist.org/search/cta?purveyor=owner
https://losangeles.craigslist.org/,search/cta?purveyor=owner,https://losangeles.craigslist.org/search/cta?purveyor=owner
https://mendocino.craigslist.org/,search/cta?purveyor=owner,https://mendocino.craigslist.org/search/cta?purveyor=owner
https://merced.craigslist.org/,search/cta?purveyor=owner,https://merced.craigslist.org/search/cta?purveyor=owner
https://modesto.craigslist.org/,search/cta?purveyor=owner,https://modesto.craigslist.org/search/cta?purveyor=owner
https://monterey.craigslist.org/,search/cta?purveyor=owner,https://monterey.craigslist.org/search/cta?purveyor=owner
https://orangecounty.craigslist.org/,search/cta?purveyor=owner,https://orangecounty.craigslist.org/search/cta?purveyor=owner
https://palmsprings.craigslist.org/,search/cta?purveyor=owner,https://palmsprings.craigslist.org/search/cta?purveyor=owner
https://redding.craigslist.org/,search/cta?purveyor=owner,https://redding.craigslist.org/search/cta?purveyor=owner
https://sacramento.craigslist.org/,search/cta?purveyor=owner,https://sacramento.craigslist.org/search/cta?purveyor=owner
https://sandiego.craigslist.org/,search/cta?purveyor=owner,https://sandiego.craigslist.org/search/cta?purveyor=owner
https://sfbay.craigslist.org/,search/cta?purveyor=owner,https://sfbay.craigslist.org/search/cta?purveyor=owner
https://slo.craigslist.org/,search/cta?purveyor=owner,https://slo.craigslist.org/search/cta?purveyor=owner
https://santabarbara.craigslist.org/,search/cta?purveyor=owner,https://santabarbara.craigslist.org/search/cta?purveyor=owner
https://santamaria.craigslist.org/,search/cta?purveyor=owner,https://santamaria.craigslist.org/search/cta?purveyor=owner
https://siskiyou.craigslist.org/,search/cta?purveyor=owner,https://siskiyou.craigslist.org/search/cta?purveyor=owner
https://stockton.craigslist.org/,search/cta?purveyor=owner,https://stockton.craigslist.org/search/cta?purveyor=owner
https://susanville.craigslist.org/,search/cta?purveyor=owner,https://susanville.craigslist.org/search/cta?purveyor=owner
https://ventura.craigslist.org/,search/cta?purveyor=owner,https://ventura.craigslist.org/search/cta?purveyor=owner
https://visalia.craigslist.org/,search/cta?purveyor=owner,https://visalia.craigslist.org/search/cta?purveyor=owner
https://yubasutter.craigslist.org/,search/cta?purveyor=owner,https://yubasutter.craigslist.org/search/cta?purveyor=owner
https://boulder.craigslist.org/,search/cta?purveyor=owner,https://boulder.craigslist.org/search/cta?purveyor=owner
https://cosprings.craigslist.org/,search/cta?purveyor=owner,https://cosprings.craigslist.org/search/cta?purveyor=owner
https://denver.craigslist.org/,search/cta?purveyor=owner,https://denver.craigslist.org/search/cta?purveyor=owner
https://eastco.craigslist.org/,search/cta?purveyor=owner,https://eastco.craigslist.org/search/cta?purveyor=owner
https://fortcollins.craigslist.org/,search/cta?purveyor=owner,https://fortcollins.craigslist.org/search/cta?purveyor=owner
https://rockies.craigslist.org/,search/cta?purveyor=owner,https://rockies.craigslist.org/search/cta?purveyor=owner
https://pueblo.craigslist.org/,search/cta?purveyor=owner,https://pueblo.craigslist.org/search/cta?purveyor=owner
https://westslope.craigslist.org/,search/cta?purveyor=owner,https://westslope.craigslist.org/search/cta?purveyor=owner
https://newlondon.craigslist.org/,search/cta?purveyor=owner,https://newlondon.craigslist.org/search/cta?purveyor=owner
https://hartford.craigslist.org/,search/cta?purveyor=owner,https://hartford.craigslist.org/search/cta?purveyor=owner
https://newhaven.craigslist.org/,search/cta?purveyor=owner,https://newhaven.craigslist.org/search/cta?purveyor=owner
https://nwct.craigslist.org/,search/cta?purveyor=owner,https://nwct.craigslist.org/search/cta?purveyor=owner
https://delaware.craigslist.org/,search/cta?purveyor=owner,https://delaware.craigslist.org/search/cta?purveyor=owner
https://washingtondc.craigslist.org/,search/cta?purveyor=owner,https://washingtondc.craigslist.org/search/cta?purveyor=owner
https://miami.craigslist.org/,search/cta?purveyor=owner,https://miami.craigslist.org/search/cta?purveyor=owner
https://daytona.craigslist.org/,search/cta?purveyor=owner,https://daytona.craigslist.org/search/cta?purveyor=owner
https://keys.craigslist.org/,search/cta?purveyor=owner,https://keys.craigslist.org/search/cta?purveyor=owner
https://fortmyers.craigslist.org/,search/cta?purveyor=owner,https://fortmyers.craigslist.org/search/cta?purveyor=owner
https://gainesville.craigslist.org/,search/cta?purveyor=owner,https://gainesville.craigslist.org/search/cta?purveyor=owner
https://cfl.craigslist.org/,search/cta?purveyor=owner,https://cfl.craigslist.org/search/cta?purveyor=owner
https://jacksonville.craigslist.org/,search/cta?purveyor=owner,https://jacksonville.craigslist.org/search/cta?purveyor=owner
https://lakeland.craigslist.org/,search/cta?purveyor=owner,https://lakeland.craigslist.org/search/cta?purveyor=owner
https://lakecity.craigslist.org/,search/cta?purveyor=owner,https://lakecity.craigslist.org/search/cta?purveyor=owner
https://ocala.craigslist.org/,search/cta?purveyor=owner,https://ocala.craigslist.org/search/cta?purveyor=owner
https://okaloosa.craigslist.org/,search/cta?purveyor=owner,https://okaloosa.craigslist.org/search/cta?purveyor=owner
https://orlando.craigslist.org/,search/cta?purveyor=owner,https://orlando.craigslist.org/search/cta?purveyor=owner
https://panamacity.craigslist.org/,search/cta?purveyor=owner,https://panamacity.craigslist.org/search/cta?purveyor=owner
https://pensacola.craigslist.org/,search/cta?purveyor=owner,https://pensacola.craigslist.org/search/cta?purveyor=owner
https://sarasota.craigslist.org/,search/cta?purveyor=owner,https://sarasota.craigslist.org/search/cta?purveyor=owner
https://spacecoast.craigslist.org/,search/cta?purveyor=owner,https://spacecoast.craigslist.org/search/cta?purveyor=owner
https://staugustine.craigslist.org/,search/cta?purveyor=owner,https://staugustine.craigslist.org/search/cta?purveyor=owner
https://tallahassee.craigslist.org/,search/cta?purveyor=owner,https://tallahassee.craigslist.org/search/cta?purveyor=owner
https://tampa.craigslist.org/,search/cta?purveyor=owner,https://tampa.craigslist.org/search/cta?purveyor=owner
https://treasure.craigslist.org/,search/cta?purveyor=owner,https://treasure.craigslist.org/search/cta?purveyor=owner
https://albanyga.craigslist.org/,search/cta?purveyor=owner,https://albanyga.craigslist.org/search/cta?purveyor=owner
https://athensga.craigslist.org/,search/cta?purveyor=owner,https://athensga.craigslist.org/search/cta?purveyor=owner
https://atlanta.craigslist.org/,search/cta?purveyor=owner,https://atlanta.craigslist.org/search/cta?purveyor=owner
https://augusta.craigslist.org/,search/cta?purveyor=owner,https://augusta.craigslist.org/search/cta?purveyor=owner
https://brunswick.craigslist.org/,search/cta?purveyor=owner,https://brunswick.craigslist.org/search/cta?purveyor=owner
https://columbusga.craigslist.org/,search/cta?purveyor=owner,https://columbusga.craigslist.org/search/cta?purveyor=owner
https://macon.craigslist.org/,search/cta?purveyor=owner,https://macon.craigslist.org/search/cta?purveyor=owner
https://nwga.craigslist.org/,search/cta?purveyor=owner,https://nwga.craigslist.org/search/cta?purveyor=owner
https://savannah.craigslist.org/,search/cta?purveyor=owner,https://savannah.craigslist.org/search/cta?purveyor=owner
https://statesboro.craigslist.org/,search/cta?purveyor=owner,https://statesboro.craigslist.org/search/cta?purveyor=owner
https://valdosta.craigslist.org/,search/cta?purveyor=owner,https://valdosta.craigslist.org/search/cta?purveyor=owner
https://honolulu.craigslist.org/,search/cta?purveyor=owner,https://honolulu.craigslist.org/search/cta?purveyor=owner
https://boise.craigslist.org/,search/cta?purveyor=owner,https://boise.craigslist.org/search/cta?purveyor=owner
https://eastidaho.craigslist.org/,search/cta?purveyor=owner,https://eastidaho.craigslist.org/search/cta?purveyor=owner
https://lewiston.craigslist.org/,search/cta?purveyor=owner,https://lewiston.craigslist.org/search/cta?purveyor=owner
https://twinfalls.craigslist.org/,search/cta?purveyor=owner,https://twinfalls.craigslist.org/search/cta?purveyor=owner
https://bn.craigslist.org/,search/cta?purveyor=owner,https://bn.craigslist.org/search/cta?purveyor=owner
https://chambana.craigslist.org/,search/cta?purveyor=owner,https://chambana.craigslist.org/search/cta?purveyor=owner
https://decatur.craigslist.org/,search/cta?purveyor=owner,https://decatur.craigslist.org/search/cta?purveyor=owner
https://chicago.craigslist.org/,search/cta?purveyor=owner,https://chicago.craigslist.org/search/cta?purveyor=owner
https://lasalle.craigslist.org/,search/cta?purveyor=owner,https://lasalle.craigslist.org/search/cta?purveyor=owner
https://mattoon.craigslist.org/,search/cta?purveyor=owner,https://mattoon.craigslist.org/search/cta?purveyor=owner
https://peoria.craigslist.org/,search/cta?purveyor=owner,https://peoria.craigslist.org/search/cta?purveyor=owner
https://rockford.craigslist.org/,search/cta?purveyor=owner,https://rockford.craigslist.org/search/cta?purveyor=owner
https://carbondale.craigslist.org/,search/cta?purveyor=owner,https://carbondale.craigslist.org/search/cta?purveyor=owner
https://springfieldil.craigslist.org/,search/cta?purveyor=owner,https://springfieldil.craigslist.org/search/cta?purveyor=owner
https://quincy.craigslist.org/,search/cta?purveyor=owner,https://quincy.craigslist.org/search/cta?purveyor=owner
https://bloomington.craigslist.org/,search/cta?purveyor=owner,https://bloomington.craigslist.org/search/cta?purveyor=owner
https://evansville.craigslist.org/,search/cta?purveyor=owner,https://evansville.craigslist.org/search/cta?purveyor=owner
https://fortwayne.craigslist.org/,search/cta?purveyor=owner,https://fortwayne.craigslist.org/search/cta?purveyor=owner
https://indianapolis.craigslist.org/,search/cta?purveyor=owner,https://indianapolis.craigslist.org/search/cta?purveyor=owner
https://kokomo.craigslist.org/,search/cta?purveyor=owner,https://kokomo.craigslist.org/search/cta?purveyor=owner
https://tippecanoe.craigslist.org/,search/cta?purveyor=owner,https://tippecanoe.craigslist.org/search/cta?purveyor=owner
https://muncie.craigslist.org/,search/cta?purveyor=owner,https://muncie.craigslist.org/search/cta?purveyor=owner
https://richmondin.craigslist.org/,search/cta?purveyor=owner,https://richmondin.craigslist.org/search/cta?purveyor=owner
https://southbend.craigslist.org/,search/cta?purveyor=owner,https://southbend.craigslist.org/search/cta?purveyor=owner
https://terrehaute.craigslist.org/,search/cta?purveyor=owner,https://terrehaute.craigslist.org/search/cta?purveyor=owner
https://ames.craigslist.org/,search/cta?purveyor=owner,https://ames.craigslist.org/search/cta?purveyor=owner
https://cedarrapids.craigslist.org/,search/cta?purveyor=owner,https://cedarrapids.craigslist.org/search/cta?purveyor=owner
https://desmoines.craigslist.org/,search/cta?purveyor=owner,https://desmoines.craigslist.org/search/cta?purveyor=owner
https://dubuque.craigslist.org/,search/cta?purveyor=owner,https://dubuque.craigslist.org/search/cta?purveyor=owner
https://fortdodge.craigslist.org/,search/cta?purveyor=owner,https://fortdodge.craigslist.org/search/cta?purveyor=owner
https://iowacity.craigslist.org/,search/cta?purveyor=owner,https://iowacity.craigslist.org/search/cta?purveyor=owner
https://masoncity.craigslist.org/,search/cta?purveyor=owner,https://masoncity.craigslist.org/search/cta?purveyor=owner
https://quadcities.craigslist.org/,search/cta?purveyor=owner,https://quadcities.craigslist.org/search/cta?purveyor=owner
https://siouxcity.craigslist.org/,search/cta?purveyor=owner,https://siouxcity.craigslist.org/search/cta?purveyor=owner
https://ottumwa.craigslist.org/,search/cta?purveyor=owner,https://ottumwa.craigslist.org/search/cta?purveyor=owner
https://waterloo.craigslist.org/,search/cta?purveyor=owner,https://waterloo.craigslist.org/search/cta?purveyor=owner
https://lawrence.craigslist.org/,search/cta?purveyor=owner,https://lawrence.craigslist.org/search/cta?purveyor=owner
https://ksu.craigslist.org/,search/cta?purveyor=owner,https://ksu.craigslist.org/search/cta?purveyor=owner
https://nwks.craigslist.org/,search/cta?purveyor=owner,https://nwks.craigslist.org/search/cta?purveyor=owner
https://salina.craigslist.org/,search/cta?purveyor=owner,https://salina.craigslist.org/search/cta?purveyor=owner
https://seks.craigslist.org/,search/cta?purveyor=owner,https://seks.craigslist.org/search/cta?purveyor=owner
https://swks.craigslist.org/,search/cta?purveyor=owner,https://swks.craigslist.org/search/cta?purveyor=owner
https://topeka.craigslist.org/,search/cta?purveyor=owner,https://topeka.craigslist.org/search/cta?purveyor=owner
https://wichita.craigslist.org/,search/cta?purveyor=owner,https://wichita.craigslist.org/search/cta?purveyor=owner
https://bgky.craigslist.org/,search/cta?purveyor=owner,https://bgky.craigslist.org/search/cta?purveyor=owner
https://eastky.craigslist.org/,search/cta?purveyor=owner,https://eastky.craigslist.org/search/cta?purveyor=owner
https://lexington.craigslist.org/,search/cta?purveyor=owner,https://lexington.craigslist.org/search/cta?purveyor=owner
https://louisville.craigslist.org/,search/cta?purveyor=owner,https://louisville.craigslist.org/search/cta?purveyor=owner
https://owensboro.craigslist.org/,search/cta?purveyor=owner,https://owensboro.craigslist.org/search/cta?purveyor=owner
https://westky.craigslist.org/,search/cta?purveyor=owner,https://westky.craigslist.org/search/cta?purveyor=owner
https://batonrouge.craigslist.org/,search/cta?purveyor=owner,https://batonrouge.craigslist.org/search/cta?purveyor=owner
https://cenla.craigslist.org/,search/cta?purveyor=owner,https://cenla.craigslist.org/search/cta?purveyor=owner
https://houma.craigslist.org/,search/cta?purveyor=owner,https://houma.craigslist.org/search/cta?purveyor=owner
https://lafayette.craigslist.org/,search/cta?purveyor=owner,https://lafayette.craigslist.org/search/cta?purveyor=owner
https://lakecharles.craigslist.org/,search/cta?purveyor=owner,https://lakecharles.craigslist.org/search/cta?purveyor=owner
https://monroe.craigslist.org/,search/cta?purveyor=owner,https://monroe.craigslist.org/search/cta?purveyor=owner
https://neworleans.craigslist.org/,search/cta?purveyor=owner,https://neworleans.craigslist.org/search/cta?purveyor=owner
https://shreveport.craigslist.org/,search/cta?purveyor=owner,https://shreveport.craigslist.org/search/cta?purveyor=owner
https://maine.craigslist.org/,search/cta?purveyor=owner,https://maine.craigslist.org/search/cta?purveyor=owner
https://annapolis.craigslist.org/,search/cta?purveyor=owner,https://annapolis.craigslist.org/search/cta?purveyor=owner
https://easternshore.craigslist.org/,search/cta?purveyor=owner,https://easternshore.craigslist.org/search/cta?purveyor=owner
https://baltimore.craigslist.org/,search/cta?purveyor=owner,https://baltimore.craigslist.org/search/cta?purveyor=owner
https://frederick.craigslist.org/,search/cta?purveyor=owner,https://frederick.craigslist.org/search/cta?purveyor=owner
https://smd.craigslist.org/,search/cta?purveyor=owner,https://smd.craigslist.org/search/cta?purveyor=owner
https://westmd.craigslist.org/,search/cta?purveyor=owner,https://westmd.craigslist.org/search/cta?purveyor=owner
https://boston.craigslist.org/,search/cta?purveyor=owner,https://boston.craigslist.org/search/cta?purveyor=owner
https://capecod.craigslist.org/,search/cta?purveyor=owner,https://capecod.craigslist.org/search/cta?purveyor=owner
https://southcoast.craigslist.org/,search/cta?purveyor=owner,https://southcoast.craigslist.org/search/cta?purveyor=owner
https://westernmass.craigslist.org/,search/cta?purveyor=owner,https://westernmass.craigslist.org/search/cta?purveyor=owner
https://worcester.craigslist.org/,search/cta?purveyor=owner,https://worcester.craigslist.org/search/cta?purveyor=owner
https://annarbor.craigslist.org/,search/cta?purveyor=owner,https://annarbor.craigslist.org/search/cta?purveyor=owner
https://battlecreek.craigslist.org/,search/cta?purveyor=owner,https://battlecreek.craigslist.org/search/cta?purveyor=owner
https://centralmich.craigslist.org/,search/cta?purveyor=owner,https://centralmich.craigslist.org/search/cta?purveyor=owner
https://detroit.craigslist.org/,search/cta?purveyor=owner,https://detroit.craigslist.org/search/cta?purveyor=owner
https://flint.craigslist.org/,search/cta?purveyor=owner,https://flint.craigslist.org/search/cta?purveyor=owner
https://grandrapids.craigslist.org/,search/cta?purveyor=owner,https://grandrapids.craigslist.org/search/cta?purveyor=owner
https://holland.craigslist.org/,search/cta?purveyor=owner,https://holland.craigslist.org/search/cta?purveyor=owner
https://jxn.craigslist.org/,search/cta?purveyor=owner,https://jxn.craigslist.org/search/cta?purveyor=owner
https://kalamazoo.craigslist.org/,search/cta?purveyor=owner,https://kalamazoo.craigslist.org/search/cta?purveyor=owner
https://lansing.craigslist.org/,search/cta?purveyor=owner,https://lansing.craigslist.org/search/cta?purveyor=owner
https://monroemi.craigslist.org/,search/cta?purveyor=owner,https://monroemi.craigslist.org/search/cta?purveyor=owner
https://muskegon.craigslist.org/,search/cta?purveyor=owner,https://muskegon.craigslist.org/search/cta?purveyor=owner
https://nmi.craigslist.org/,search/cta?purveyor=owner,https://nmi.craigslist.org/search/cta?purveyor=owner
https://porthuron.craigslist.org/,search/cta?purveyor=owner,https://porthuron.craigslist.org/search/cta?purveyor=owner
https://saginaw.craigslist.org/,search/cta?purveyor=owner,https://saginaw.craigslist.org/search/cta?purveyor=owner
https://swmi.craigslist.org/,search/cta?purveyor=owner,https://swmi.craigslist.org/search/cta?purveyor=owner
https://thumb.craigslist.org/,search/cta?purveyor=owner,https://thumb.craigslist.org/search/cta?purveyor=owner
https://up.craigslist.org/,search/cta?purveyor=owner,https://up.craigslist.org/search/cta?purveyor=owner
https://bemidji.craigslist.org/,search/cta?purveyor=owner,https://bemidji.craigslist.org/search/cta?purveyor=owner
https://brainerd.craigslist.org/,search/cta?purveyor=owner,https://brainerd.craigslist.org/search/cta?purveyor=owner
https://duluth.craigslist.org/,search/cta?purveyor=owner,https://duluth.craigslist.org/search/cta?purveyor=owner
https://mankato.craigslist.org/,search/cta?purveyor=owner,https://mankato.craigslist.org/search/cta?purveyor=owner
https://minneapolis.craigslist.org/,search/cta?purveyor=owner,https://minneapolis.craigslist.org/search/cta?purveyor=owner
https://rmn.craigslist.org/,search/cta?purveyor=owner,https://rmn.craigslist.org/search/cta?purveyor=owner
https://marshall.craigslist.org/,search/cta?purveyor=owner,https://marshall.craigslist.org/search/cta?purveyor=owner
https://stcloud.craigslist.org/,search/cta?purveyor=owner,https://stcloud.craigslist.org/search/cta?purveyor=owner
https://gulfport.craigslist.org/,search/cta?purveyor=owner,https://gulfport.craigslist.org/search/cta?purveyor=owner
https://hattiesburg.craigslist.org/,search/cta?purveyor=owner,https://hattiesburg.craigslist.org/search/cta?purveyor=owner
https://jackson.craigslist.org/,search/cta?purveyor=owner,https://jackson.craigslist.org/search/cta?purveyor=owner
https://meridian.craigslist.org/,search/cta?purveyor=owner,https://meridian.craigslist.org/search/cta?purveyor=owner
https://northmiss.craigslist.org/,search/cta?purveyor=owner,https://northmiss.craigslist.org/search/cta?purveyor=owner
https://natchez.craigslist.org/,search/cta?purveyor=owner,https://natchez.craigslist.org/search/cta?purveyor=owner
https://columbiamo.craigslist.org/,search/cta?purveyor=owner,https://columbiamo.craigslist.org/search/cta?purveyor=owner
https://joplin.craigslist.org/,search/cta?purveyor=owner,https://joplin.craigslist.org/search/cta?purveyor=owner
https://kansascity.craigslist.org/,search/cta?purveyor=owner,https://kansascity.craigslist.org/search/cta?purveyor=owner
https://kirksville.craigslist.org/,search/cta?purveyor=owner,https://kirksville.craigslist.org/search/cta?purveyor=owner
https://loz.craigslist.org/,search/cta?purveyor=owner,https://loz.craigslist.org/search/cta?purveyor=owner
https://semo.craigslist.org/,search/cta?purveyor=owner,https://semo.craigslist.org/search/cta?purveyor=owner
https://springfield.craigslist.org/,search/cta?purveyor=owner,https://springfield.craigslist.org/search/cta?purveyor=owner
https://stjoseph.craigslist.org/,search/cta?purveyor=owner,https://stjoseph.craigslist.org/search/cta?purveyor=owner
https://stlouis.craigslist.org/,search/cta?purveyor=owner,https://stlouis.craigslist.org/search/cta?purveyor=owner
https://billings.craigslist.org/,search/cta?purveyor=owner,https://billings.craigslist.org/search/cta?purveyor=owner
https://bozeman.craigslist.org/,search/cta?purveyor=owner,https://bozeman.craigslist.org/search/cta?purveyor=owner
https://butte.craigslist.org/,search/cta?purveyor=owner,https://butte.craigslist.org/search/cta?purveyor=owner
https://greatfalls.craigslist.org/,search/cta?purveyor=owner,https://greatfalls.craigslist.org/search/cta?purveyor=owner
https://helena.craigslist.org/,search/cta?purveyor=owner,https://helena.craigslist.org/search/cta?purveyor=owner
https://kalispell.craigslist.org/,search/cta?purveyor=owner,https://kalispell.craigslist.org/search/cta?purveyor=owner
https://missoula.craigslist.org/,search/cta?purveyor=owner,https://missoula.craigslist.org/search/cta?purveyor=owner
https://montana.craigslist.org/,search/cta?purveyor=owner,https://montana.craigslist.org/search/cta?purveyor=owner
https://grandisland.craigslist.org/,search/cta?purveyor=owner,https://grandisland.craigslist.org/search/cta?purveyor=owner
https://lincoln.craigslist.org/,search/cta?purveyor=owner,https://lincoln.craigslist.org/search/cta?purveyor=owner
https://northplatte.craigslist.org/,search/cta?purveyor=owner,https://northplatte.craigslist.org/search/cta?purveyor=owner
https://omaha.craigslist.org/,search/cta?purveyor=owner,https://omaha.craigslist.org/search/cta?purveyor=owner
https://scottsbluff.craigslist.org/,search/cta?purveyor=owner,https://scottsbluff.craigslist.org/search/cta?purveyor=owner
https://elko.craigslist.org/,search/cta?purveyor=owner,https://elko.craigslist.org/search/cta?purveyor=owner
https://lasvegas.craigslist.org/,search/cta?purveyor=owner,https://lasvegas.craigslist.org/search/cta?purveyor=owner
https://reno.craigslist.org/,search/cta?purveyor=owner,https://reno.craigslist.org/search/cta?purveyor=owner
https://nh.craigslist.org/,search/cta?purveyor=owner,https://nh.craigslist.org/search/cta?purveyor=owner
https://cnj.craigslist.org/,search/cta?purveyor=owner,https://cnj.craigslist.org/search/cta?purveyor=owner
https://jerseyshore.craigslist.org/,search/cta?purveyor=owner,https://jerseyshore.craigslist.org/search/cta?purveyor=owner
https://newjersey.craigslist.org/,search/cta?purveyor=owner,https://newjersey.craigslist.org/search/cta?purveyor=owner
https://southjersey.craigslist.org/,search/cta?purveyor=owner,https://southjersey.craigslist.org/search/cta?purveyor=owner
https://albuquerque.craigslist.org/,search/cta?purveyor=owner,https://albuquerque.craigslist.org/search/cta?purveyor=owner
https://clovis.craigslist.org/,search/cta?purveyor=owner,https://clovis.craigslist.org/search/cta?purveyor=owner
https://farmington.craigslist.org/,search/cta?purveyor=owner,https://farmington.craigslist.org/search/cta?purveyor=owner
https://lascruces.craigslist.org/,search/cta?purveyor=owner,https://lascruces.craigslist.org/search/cta?purveyor=owner
https://roswell.craigslist.org/,search/cta?purveyor=owner,https://roswell.craigslist.org/search/cta?purveyor=owner
https://santafe.craigslist.org/,search/cta?purveyor=owner,https://santafe.craigslist.org/search/cta?purveyor=owner
https://albany.craigslist.org/,search/cta?purveyor=owner,https://albany.craigslist.org/search/cta?purveyor=owner
https://binghamton.craigslist.org/,search/cta?purveyor=owner,https://binghamton.craigslist.org/search/cta?purveyor=owner
https://buffalo.craigslist.org/,search/cta?purveyor=owner,https://buffalo.craigslist.org/search/cta?purveyor=owner
https://catskills.craigslist.org/,search/cta?purveyor=owner,https://catskills.craigslist.org/search/cta?purveyor=owner
https://chautauqua.craigslist.org/,search/cta?purveyor=owner,https://chautauqua.craigslist.org/search/cta?purveyor=owner
https://elmira.craigslist.org/,search/cta?purveyor=owner,https://elmira.craigslist.org/search/cta?purveyor=owner
https://fingerlakes.craigslist.org/,search/cta?purveyor=owner,https://fingerlakes.craigslist.org/search/cta?purveyor=owner
https://glensfalls.craigslist.org/,search/cta?purveyor=owner,https://glensfalls.craigslist.org/search/cta?purveyor=owner
https://hudsonvalley.craigslist.org/,search/cta?purveyor=owner,https://hudsonvalley.craigslist.org/search/cta?purveyor=owner
https://ithaca.craigslist.org/,search/cta?purveyor=owner,https://ithaca.craigslist.org/search/cta?purveyor=owner
https://longisland.craigslist.org/,search/cta?purveyor=owner,https://longisland.craigslist.org/search/cta?purveyor=owner
https://newyork.craigslist.org/,search/cta?purveyor=owner,https://newyork.craigslist.org/search/cta?purveyor=owner
https://oneonta.craigslist.org/,search/cta?purveyor=owner,https://oneonta.craigslist.org/search/cta?purveyor=owner
https://plattsburgh.craigslist.org/,search/cta?purveyor=owner,https://plattsburgh.craigslist.org/search/cta?purveyor=owner
https://potsdam.craigslist.org/,search/cta?purveyor=owner,https://potsdam.craigslist.org/search/cta?purveyor=owner
https://rochester.craigslist.org/,search/cta?purveyor=owner,https://rochester.craigslist.org/search/cta?purveyor=owner
https://syracuse.craigslist.org/,search/cta?purveyor=owner,https://syracuse.craigslist.org/search/cta?purveyor=owner
https://twintiers.craigslist.org/,search/cta?purveyor=owner,https://twintiers.craigslist.org/search/cta?purveyor=owner
https://utica.craigslist.org/,search/cta?purveyor=owner,https://utica.craigslist.org/search/cta?purveyor=owner
https://watertown.craigslist.org/,search/cta?purveyor=owner,https://watertown.craigslist.org/search/cta?purveyor=owner
https://asheville.craigslist.org/,search/cta?purveyor=owner,https://asheville.craigslist.org/search/cta?purveyor=owner
https://boone.craigslist.org/,search/cta?purveyor=owner,https://boone.craigslist.org/search/cta?purveyor=owner
https://charlotte.craigslist.org/,search/cta?purveyor=owner,https://charlotte.craigslist.org/search/cta?purveyor=owner
https://eastnc.craigslist.org/,search/cta?purveyor=owner,https://eastnc.craigslist.org/search/cta?purveyor=owner
https://fayetteville.craigslist.org/,search/cta?purveyor=owner,https://fayetteville.craigslist.org/search/cta?purveyor=owner
https://greensboro.craigslist.org/,search/cta?purveyor=owner,https://greensboro.craigslist.org/search/cta?purveyor=owner
https://hickory.craigslist.org/,search/cta?purveyor=owner,https://hickory.craigslist.org/search/cta?purveyor=owner
https://onslow.craigslist.org/,search/cta?purveyor=owner,https://onslow.craigslist.org/search/cta?purveyor=owner
https://outerbanks.craigslist.org/,search/cta?purveyor=owner,https://outerbanks.craigslist.org/search/cta?purveyor=owner
https://raleigh.craigslist.org/,search/cta?purveyor=owner,https://raleigh.craigslist.org/search/cta?purveyor=owner
https://wilmington.craigslist.org/,search/cta?purveyor=owner,https://wilmington.craigslist.org/search/cta?purveyor=owner
https://winstonsalem.craigslist.org/,search/cta?purveyor=owner,https://winstonsalem.craigslist.org/search/cta?purveyor=owner
https://bismarck.craigslist.org/,search/cta?purveyor=owner,https://bismarck.craigslist.org/search/cta?purveyor=owner
https://fargo.craigslist.org/,search/cta?purveyor=owner,https://fargo.craigslist.org/search/cta?purveyor=owner
https://grandforks.craigslist.org/,search/cta?purveyor=owner,https://grandforks.craigslist.org/search/cta?purveyor=owner
https://akroncanton.craigslist.org/,search/cta?purveyor=owner,https://akroncanton.craigslist.org/search/cta?purveyor=owner
https://nd.craigslist.org/,search/cta?purveyor=owner,https://nd.craigslist.org/search/cta?purveyor=owner
https://ashtabula.craigslist.org/,search/cta?purveyor=owner,https://ashtabula.craigslist.org/search/cta?purveyor=owner
https://athensohio.craigslist.org/,search/cta?purveyor=owner,https://athensohio.craigslist.org/search/cta?purveyor=owner
https://cincinnati.craigslist.org/,search/cta?purveyor=owner,https://cincinnati.craigslist.org/search/cta?purveyor=owner
https://chillicothe.craigslist.org/,search/cta?purveyor=owner,https://chillicothe.craigslist.org/search/cta?purveyor=owner
https://cleveland.craigslist.org/,search/cta?purveyor=owner,https://cleveland.craigslist.org/search/cta?purveyor=owner
https://columbus.craigslist.org/,search/cta?purveyor=owner,https://columbus.craigslist.org/search/cta?purveyor=owner
https://dayton.craigslist.org/,search/cta?purveyor=owner,https://dayton.craigslist.org/search/cta?purveyor=owner
https://limaohio.craigslist.org/,search/cta?purveyor=owner,https://limaohio.craigslist.org/search/cta?purveyor=owner
https://mansfield.craigslist.org/,search/cta?purveyor=owner,https://mansfield.craigslist.org/search/cta?purveyor=owner
https://sandusky.craigslist.org/,search/cta?purveyor=owner,https://sandusky.craigslist.org/search/cta?purveyor=owner
https://toledo.craigslist.org/,search/cta?purveyor=owner,https://toledo.craigslist.org/search/cta?purveyor=owner
https://tuscarawas.craigslist.org/,search/cta?purveyor=owner,https://tuscarawas.craigslist.org/search/cta?purveyor=owner
https://youngstown.craigslist.org/,search/cta?purveyor=owner,https://youngstown.craigslist.org/search/cta?purveyor=owner
https://zanesville.craigslist.org/,search/cta?purveyor=owner,https://zanesville.craigslist.org/search/cta?purveyor=owner
https://lawton.craigslist.org/,search/cta?purveyor=owner,https://lawton.craigslist.org/search/cta?purveyor=owner
https://enid.craigslist.org/,search/cta?purveyor=owner,https://enid.craigslist.org/search/cta?purveyor=owner
https://oklahomacity.craigslist.org/,search/cta?purveyor=owner,https://oklahomacity.craigslist.org/search/cta?purveyor=owner
https://stillwater.craigslist.org/,search/cta?purveyor=owner,https://stillwater.craigslist.org/search/cta?purveyor=owner
https://tulsa.craigslist.org/,search/cta?purveyor=owner,https://tulsa.craigslist.org/search/cta?purveyor=owner
https://bend.craigslist.org/,search/cta?purveyor=owner,https://bend.craigslist.org/search/cta?purveyor=owner
https://corvallis.craigslist.org/,search/cta?purveyor=owner,https://corvallis.craigslist.org/search/cta?purveyor=owner
https://eastoregon.craigslist.org/,search/cta?purveyor=owner,https://eastoregon.craigslist.org/search/cta?purveyor=owner
https://eugene.craigslist.org/,search/cta?purveyor=owner,https://eugene.craigslist.org/search/cta?purveyor=owner
https://klamath.craigslist.org/,search/cta?purveyor=owner,https://klamath.craigslist.org/search/cta?purveyor=owner
https://medford.craigslist.org/,search/cta?purveyor=owner,https://medford.craigslist.org/search/cta?purveyor=owner
https://oregoncoast.craigslist.org/,search/cta?purveyor=owner,https://oregoncoast.craigslist.org/search/cta?purveyor=owner
https://portland.craigslist.org/,search/cta?purveyor=owner,https://portland.craigslist.org/search/cta?purveyor=owner
https://roseburg.craigslist.org/,search/cta?purveyor=owner,https://roseburg.craigslist.org/search/cta?purveyor=owner
https://salem.craigslist.org/,search/cta?purveyor=owner,https://salem.craigslist.org/search/cta?purveyor=owner
https://altoona.craigslist.org/,search/cta?purveyor=owner,https://altoona.craigslist.org/search/cta?purveyor=owner
https://chambersburg.craigslist.org/,search/cta?purveyor=owner,https://chambersburg.craigslist.org/search/cta?purveyor=owner
https://erie.craigslist.org/,search/cta?purveyor=owner,https://erie.craigslist.org/search/cta?purveyor=owner
https://harrisburg.craigslist.org/,search/cta?purveyor=owner,https://harrisburg.craigslist.org/search/cta?purveyor=owner
https://lancaster.craigslist.org/,search/cta?purveyor=owner,https://lancaster.craigslist.org/search/cta?purveyor=owner
https://allentown.craigslist.org/,search/cta?purveyor=owner,https://allentown.craigslist.org/search/cta?purveyor=owner
https://meadville.craigslist.org/,search/cta?purveyor=owner,https://meadville.craigslist.org/search/cta?purveyor=owner
https://philadelphia.craigslist.org/,search/cta?purveyor=owner,https://philadelphia.craigslist.org/search/cta?purveyor=owner
https://pittsburgh.craigslist.org/,search/cta?purveyor=owner,https://pittsburgh.craigslist.org/search/cta?purveyor=owner
https://poconos.craigslist.org/,search/cta?purveyor=owner,https://poconos.craigslist.org/search/cta?purveyor=owner
https://reading.craigslist.org/,search/cta?purveyor=owner,https://reading.craigslist.org/search/cta?purveyor=owner
https://scranton.craigslist.org/,search/cta?purveyor=owner,https://scranton.craigslist.org/search/cta?purveyor=owner
https://pennstate.craigslist.org/,search/cta?purveyor=owner,https://pennstate.craigslist.org/search/cta?purveyor=owner
https://williamsport.craigslist.org/,search/cta?purveyor=owner,https://williamsport.craigslist.org/search/cta?purveyor=owner
https://york.craigslist.org/,search/cta?purveyor=owner,https://york.craigslist.org/search/cta?purveyor=owner
https://providence.craigslist.org/,search/cta?purveyor=owner,https://providence.craigslist.org/search/cta?purveyor=owner
https://charleston.craigslist.org/,search/cta?purveyor=owner,https://charleston.craigslist.org/search/cta?purveyor=owner
https://columbia.craigslist.org/,search/cta?purveyor=owner,https://columbia.craigslist.org/search/cta?purveyor=owner
https://florencesc.craigslist.org/,search/cta?purveyor=owner,https://florencesc.craigslist.org/search/cta?purveyor=owner
https://hiltonhead.craigslist.org/,search/cta?purveyor=owner,https://hiltonhead.craigslist.org/search/cta?purveyor=owner
https://greenville.craigslist.org/,search/cta?purveyor=owner,https://greenville.craigslist.org/search/cta?purveyor=owner
https://myrtlebeach.craigslist.org/,search/cta?purveyor=owner,https://myrtlebeach.craigslist.org/search/cta?purveyor=owner
https://nesd.craigslist.org/,search/cta?purveyor=owner,https://nesd.craigslist.org/search/cta?purveyor=owner
https://csd.craigslist.org/,search/cta?purveyor=owner,https://csd.craigslist.org/search/cta?purveyor=owner
https://rapidcity.craigslist.org/,search/cta?purveyor=owner,https://rapidcity.craigslist.org/search/cta?purveyor=owner
https://siouxfalls.craigslist.org/,search/cta?purveyor=owner,https://siouxfalls.craigslist.org/search/cta?purveyor=owner
https://sd.craigslist.org/,search/cta?purveyor=owner,https://sd.craigslist.org/search/cta?purveyor=owner
https://chattanooga.craigslist.org/,search/cta?purveyor=owner,https://chattanooga.craigslist.org/search/cta?purveyor=owner
https://clarksville.craigslist.org/,search/cta?purveyor=owner,https://clarksville.craigslist.org/search/cta?purveyor=owner
https://cookeville.craigslist.org/,search/cta?purveyor=owner,https://cookeville.craigslist.org/search/cta?purveyor=owner
https://jacksontn.craigslist.org/,search/cta?purveyor=owner,https://jacksontn.craigslist.org/search/cta?purveyor=owner
https://knoxville.craigslist.org/,search/cta?purveyor=owner,https://knoxville.craigslist.org/search/cta?purveyor=owner
https://memphis.craigslist.org/,search/cta?purveyor=owner,https://memphis.craigslist.org/search/cta?purveyor=owner
https://nashville.craigslist.org/,search/cta?purveyor=owner,https://nashville.craigslist.org/search/cta?purveyor=owner
https://tricities.craigslist.org/,search/cta?purveyor=owner,https://tricities.craigslist.org/search/cta?purveyor=owner
https://amarillo.craigslist.org/,search/cta?purveyor=owner,https://amarillo.craigslist.org/search/cta?purveyor=owner
https://abilene.craigslist.org/,search/cta?purveyor=owner,https://abilene.craigslist.org/search/cta?purveyor=owner
https://austin.craigslist.org/,search/cta?purveyor=owner,https://austin.craigslist.org/search/cta?purveyor=owner
https://beaumont.craigslist.org/,search/cta?purveyor=owner,https://beaumont.craigslist.org/search/cta?purveyor=owner
https://brownsville.craigslist.org/,search/cta?purveyor=owner,https://brownsville.craigslist.org/search/cta?purveyor=owner
https://collegestation.craigslist.org/,search/cta?purveyor=owner,https://collegestation.craigslist.org/search/cta?purveyor=owner
https://corpuschristi.craigslist.org/,search/cta?purveyor=owner,https://corpuschristi.craigslist.org/search/cta?purveyor=owner
https://dallas.craigslist.org/,search/cta?purveyor=owner,https://dallas.craigslist.org/search/cta?purveyor=owner
https://nacogdoches.craigslist.org/,search/cta?purveyor=owner,https://nacogdoches.craigslist.org/search/cta?purveyor=owner
https://delrio.craigslist.org/,search/cta?purveyor=owner,https://delrio.craigslist.org/search/cta?purveyor=owner
https://elpaso.craigslist.org/,search/cta?purveyor=owner,https://elpaso.craigslist.org/search/cta?purveyor=owner
https://galveston.craigslist.org/,search/cta?purveyor=owner,https://galveston.craigslist.org/search/cta?purveyor=owner
https://houston.craigslist.org/,search/cta?purveyor=owner,https://houston.craigslist.org/search/cta?purveyor=owner
https://killeen.craigslist.org/,search/cta?purveyor=owner,https://killeen.craigslist.org/search/cta?purveyor=owner
https://laredo.craigslist.org/,search/cta?purveyor=owner,https://laredo.craigslist.org/search/cta?purveyor=owner
https://lubbock.craigslist.org/,search/cta?purveyor=owner,https://lubbock.craigslist.org/search/cta?purveyor=owner
https://mcallen.craigslist.org/,search/cta?purveyor=owner,https://mcallen.craigslist.org/search/cta?purveyor=owner
https://odessa.craigslist.org/,search/cta?purveyor=owner,https://odessa.craigslist.org/search/cta?purveyor=owner
https://sanangelo.craigslist.org/,search/cta?purveyor=owner,https://sanangelo.craigslist.org/search/cta?purveyor=owner
https://sanantonio.craigslist.org/,search/cta?purveyor=owner,https://sanantonio.craigslist.org/search/cta?purveyor=owner
https://sanmarcos.craigslist.org/,search/cta?purveyor=owner,https://sanmarcos.craigslist.org/search/cta?purveyor=owner
https://bigbend.craigslist.org/,search/cta?purveyor=owner,https://bigbend.craigslist.org/search/cta?purveyor=owner
https://texoma.craigslist.org/,search/cta?purveyor=owner,https://texoma.craigslist.org/search/cta?purveyor=owner
https://easttexas.craigslist.org/,search/cta?purveyor=owner,https://easttexas.craigslist.org/search/cta?purveyor=owner
https://victoriatx.craigslist.org/,search/cta?purveyor=owner,https://victoriatx.craigslist.org/search/cta?purveyor=owner
https://waco.craigslist.org/,search/cta?purveyor=owner,https://waco.craigslist.org/search/cta?purveyor=owner
https://wichitafalls.craigslist.org/,search/cta?purveyor=owner,https://wichitafalls.craigslist.org/search/cta?purveyor=owner
https://logan.craigslist.org/,search/cta?purveyor=owner,https://logan.craigslist.org/search/cta?purveyor=owner
https://ogden.craigslist.org/,search/cta?purveyor=owner,https://ogden.craigslist.org/search/cta?purveyor=owner
https://provo.craigslist.org/,search/cta?purveyor=owner,https://provo.craigslist.org/search/cta?purveyor=owner
https://saltlakecity.craigslist.org/,search/cta?purveyor=owner,https://saltlakecity.craigslist.org/search/cta?purveyor=owner
https://stgeorge.craigslist.org/,search/cta?purveyor=owner,https://stgeorge.craigslist.org/search/cta?purveyor=owner
https://vermont.craigslist.org/,search/cta?purveyor=owner,https://vermont.craigslist.org/search/cta?purveyor=owner
https://charlottesville.craigslist.org/,search/cta?purveyor=owner,https://charlottesville.craigslist.org/search/cta?purveyor=owner
https://danville.craigslist.org/,search/cta?purveyor=owner,https://danville.craigslist.org/search/cta?purveyor=owner
https://fredericksburg.craigslist.org/,search/cta?purveyor=owner,https://fredericksburg.craigslist.org/search/cta?purveyor=owner
https://norfolk.craigslist.org/,search/cta?purveyor=owner,https://norfolk.craigslist.org/search/cta?purveyor=owner
https://harrisonburg.craigslist.org/,search/cta?purveyor=owner,https://harrisonburg.craigslist.org/search/cta?purveyor=owner
https://lynchburg.craigslist.org/,search/cta?purveyor=owner,https://lynchburg.craigslist.org/search/cta?purveyor=owner
https://blacksburg.craigslist.org/,search/cta?purveyor=owner,https://blacksburg.craigslist.org/search/cta?purveyor=owner
https://richmond.craigslist.org/,search/cta?purveyor=owner,https://richmond.craigslist.org/search/cta?purveyor=owner
https://roanoke.craigslist.org/,search/cta?purveyor=owner,https://roanoke.craigslist.org/search/cta?purveyor=owner
https://swva.craigslist.org/,search/cta?purveyor=owner,https://swva.craigslist.org/search/cta?purveyor=owner
https://winchester.craigslist.org/,search/cta?purveyor=owner,https://winchester.craigslist.org/search/cta?purveyor=owner
https://bellingham.craigslist.org/,search/cta?purveyor=owner,https://bellingham.craigslist.org/search/cta?purveyor=owner
https://kpr.craigslist.org/,search/cta?purveyor=owner,https://kpr.craigslist.org/search/cta?purveyor=owner
https://moseslake.craigslist.org/,search/cta?purveyor=owner,https://moseslake.craigslist.org/search/cta?purveyor=owner
https://olympic.craigslist.org/,search/cta?purveyor=owner,https://olympic.craigslist.org/search/cta?purveyor=owner
https://pullman.craigslist.org/,search/cta?purveyor=owner,https://pullman.craigslist.org/search/cta?purveyor=owner
https://seattle.craigslist.org/,search/cta?purveyor=owner,https://seattle.craigslist.org/search/cta?purveyor=owner
https://skagit.craigslist.org/,search/cta?purveyor=owner,https://skagit.craigslist.org/search/cta?purveyor=owner
https://spokane.craigslist.org/,search/cta?purveyor=owner,https://spokane.craigslist.org/search/cta?purveyor=owner
https://wenatchee.craigslist.org/,search/cta?purveyor=owner,https://wenatchee.craigslist.org/search/cta?purveyor=owner
https://yakima.craigslist.org/,search/cta?purveyor=owner,https://yakima.craigslist.org/search/cta?purveyor=owner
https://charlestonwv.craigslist.org/,search/cta?purveyor=owner,https://charlestonwv.craigslist.org/search/cta?purveyor=owner
https://martinsburg.craigslist.org/,search/cta?purveyor=owner,https://martinsburg.craigslist.org/search/cta?purveyor=owner
https://huntington.craigslist.org/,search/cta?purveyor=owner,https://huntington.craigslist.org/search/cta?purveyor=owner
https://morgantown.craigslist.org/,search/cta?purveyor=owner,https://morgantown.craigslist.org/search/cta?purveyor=owner
https://wheeling.craigslist.org/,search/cta?purveyor=owner,https://wheeling.craigslist.org/search/cta?purveyor=owner
https://parkersburg.craigslist.org/,search/cta?purveyor=owner,https://parkersburg.craigslist.org/search/cta?purveyor=owner
https://swv.craigslist.org/,search/cta?purveyor=owner,https://swv.craigslist.org/search/cta?purveyor=owner
https://wv.craigslist.org/,search/cta?purveyor=owner,https://wv.craigslist.org/search/cta?purveyor=owner
https://appleton.craigslist.org/,search/cta?purveyor=owner,https://appleton.craigslist.org/search/cta?purveyor=owner
https://eauclaire.craigslist.org/,search/cta?purveyor=owner,https://eauclaire.craigslist.org/search/cta?purveyor=owner
https://greenbay.craigslist.org/,search/cta?purveyor=owner,https://greenbay.craigslist.org/search/cta?purveyor=owner
https://janesville.craigslist.org/,search/cta?purveyor=owner,https://janesville.craigslist.org/search/cta?purveyor=owner
https://racine.craigslist.org/,search/cta?purveyor=owner,https://racine.craigslist.org/search/cta?purveyor=owner
https://lacrosse.craigslist.org/,search/cta?purveyor=owner,https://lacrosse.craigslist.org/search/cta?purveyor=owner
https://madison.craigslist.org/,search/cta?purveyor=owner,https://madison.craigslist.org/search/cta?purveyor=owner
https://milwaukee.craigslist.org/,search/cta?purveyor=owner,https://milwaukee.craigslist.org/search/cta?purveyor=owner
https://northernwi.craigslist.org/,search/cta?purveyor=owner,https://northernwi.craigslist.org/search/cta?purveyor=owner
https://sheboygan.craigslist.org/,search/cta?purveyor=owner,https://sheboygan.craigslist.org/search/cta?purveyor=owner
https://wausau.craigslist.org/,search/cta?purveyor=owner,https://wausau.craigslist.org/search/cta?purveyor=owner
https://wyoming.craigslist.org/,search/cta?purveyor=owner,https://wyoming.craigslist.org/search/cta?purveyor=owner
https://micronesia.craigslist.org/,search/cta?purveyor=owner,https://micronesia.craigslist.org/search/cta?purveyor=owner
https://puertorico.craigslist.org/,search/cta?purveyor=owner,https://puertorico.craigslist.org/search/cta?purveyor=owner
https://virgin.craigslist.org/,search/cta?purveyor=owner,https://virgin.craigslist.org/search/cta?purveyor=owner
